--POVOAMENTO DA TABELA PESSOA

INSERT INTO pessoa VALUES ('102.312.573-45', 'Rodrigo Martins Morais','rodrigo_martins@mail.com', '14-OCT-1986', 'Rua Getulio Vargas', '221', 'Recife');
INSERT INTO pessoa VALUES ('564.328.478-98', 'Mario damorin ','mario_damorin@mail.com' ,'18-JUL-1968', '7 rua de baixo', '598', 'Caruaru');
INSERT INTO pessoa VALUES ('689.207.420-42', 'Debora Paula dos Santos', 'debora_paula@mail.com', '14-OCT-1991', 'Rua Brigadeiro', '31', 'São Paulo');
INSERT INTO pessoa VALUES ('986.124.785-45', 'João Gonçalves Almeida', 'joao_goncalves@mail.com', '15-MAR-1998', 'Avenida Recife', '128', 'Recife');
INSERT INTO pessoa VALUES ('198.228.735-87', 'Clara Maria Cornelho', 'clara_maria@mail.com', '10-DEC-2006', 'Avenida 50', '15', 'Pedras de Fogo');
INSERT INTO pessoa VALUES ('078.845.996-12', 'Maria josé Santiago','maria_jose@mail.com', '09-JUL-2003', 'Travessa Arco-íris', '42', 'Recife');
INSERT INTO pessoa VALUES ('678.191.458-44', 'Joana Maria ', 'joana_maria@mail.com', '20-AUG-1999', 'Rua Laranjeira', '59', 'Carrapicho');
INSERT INTO pessoa VALUES ('635.152.669-17', 'Camila de Azevedo','camila_azevedo@mail.com','23-FEB-1985', 'Rua caminhão derrapado', '1245', 'Petrolina');
INSERT INTO pessoa VALUES ('456.712.223-00', 'Matheus Alves','matheus_alves@mail.com', '13-MAY-1980', '5° travessa do meio', '18', 'Recife');
INSERT INTO pessoa VALUES ('514.378.321-98', 'Lara Alexandra Silva', 'lara_alexandra@mail.com','19-APR-1978', 'Travessa do Milho', '72', 'Carne de Vaca');
INSERT INTO pessoa VALUES ('123.684.742-66', 'Pamella ', 'pamella@mail.com','15-JAN-2000','Avenida Pinheiros','255','Recife');
INSERT INTO pessoa VALUES ('275.789.321-80', 'Marcos da Silva', 'marcos_silva@mail.com','01-MAR-2005', 'Cruzada do Cruzeiro', '09', 'Ponta de Pedra');
INSERT INTO pessoa VALUES ('033.858.634-99','Kauã Frederico','kaua_frederico@mail.com','16-JUN-1999','Condomínio AlphaVille Premium Master','03','Recife');
INSERT INTO pessoa VALUES ('923.084.271-60', 'Junior Souza','junior_souza@mail.com' ,'29-DEC-1945', 'Primeira rua de Caminho', '78', 'Diamantina');
INSERT INTO pessoa VALUES ('444.608.646-49', 'Brenda C Rocha','brenda_rocha@mail.com','13-MAY-1958', 'Rua João Pessoa', '766', 'Jundiai');
INSERT INTO pessoa VALUES ('116.758.622-06','Marina C Dias','marina_dias@mail.com', '05-AUG-1965','Rua Petronília Dersia', '1356','Salvador');
INSERT INTO pessoa VALUES ('987.925.913-02', 'Tiago M Alves','tiago_alves@mail.com','11-APR-1985', 'Rua Telemaco Borba', '643', 'Camaragibe');
INSERT INTO pessoa VALUES ('371.866.227-20', 'Leonor Azevedo','leonor_azevedo@mail.com','10-MAY-1975','Rua Quatro', '541', 'Divinópolis');
INSERT INTO pessoa VALUES('892.549.556-20', 'Vinicius C Dias', 'vinicius_dias@mail.com','16-NOV-1966', 'Rua Armando Colo', '823', 'Carne de Vaca');
INSERT INTO pessoa VALUES ('276.787.174-15', 'Mauro Sérgio', 'mauro_sergio@mail.com', '05-MAY-1962', 'Time Square','324','New York');
INSERT INTO pessoa VALUES ('573.972.289-18', 'Clarissa B. Ribeiro','clarissa_ribeiro@mail.com' ,'15-JUN-1986', 'Terceira rua do Limão', '450', 'João Pessoa');
INSERT INTO pessoa VALUES ('181.250.432-25', 'Vitor G Ribeiro','vitor_ribeiro@mail.com','5-DEC-1970', 'Rua João Florêncio Fontes', '1091', 'Osasco');
INSERT INTO pessoa VALUES ('903.695.561-00', 'Júlia O Fernandes', 'julia_fernandes@mail.com', '21-APR-1990', 'Avenida Marginal', '1857', 'Jundiai');
INSERT INTO pessoa VALUES ('673.629.234-98', 'Luana Santana de Moureira', 'luana_santana@mail.com','01-AUG-1982', 'Rua de cima', '04', 'Carne de Vaca');
INSERT INTO pessoa VALUES ('727.729.412-21', 'Clara A Silva','clara_silva@mail.com', '08-AUG-1967', 'Rua Servidão Vieira da Silva ', '1370', 'Manaus');
INSERT INTO pessoa VALUES('112.352.284-68', 'Márcia Araújo','marcia_araujo@mail.com', '09-MAR-1984', 'Fazenda Campo Alegre', '188', 'Manaus');
INSERT INTO pessoa VALUES ('612.547.610-39', 'Sofia C Fernandes','sofia_fernandes@mail.com' ,'12-JAN-1981', 'Rua Lima', '797', 'Ribeirão das Neves');
INSERT INTO pessoa VALUES ('177.235.819-39', 'Rafaela P Gomes','rafaela_gomes@mail.com', '8-MAR-1961', 'Rua Wlademira do Amaral', '293', 'Manaus');
INSERT INTO pessoa VALUES ('602.897.321-75', 'João Maria', 'joao_maria@mail.com', '20-NOV-1974', 'Escada de Cima', '08', 'Garanhuns');
INSERT INTO pessoa VALUES ('326.182.003-00','Manoel Freitas','manoel_freitas@mail.com' ,'31-AUG-2001', 'Aeroporto São Domingos','75','Garanhuns');
INSERT INTO pessoa VALUES ('321.565.194-71', 'Tomás C Correia','tomas_correia@mail.com', '31-MAR-1973', 'Avenida Cuiabá', '17', 'Garanhuns');
INSERT INTO pessoa VALUES ('785.214.448-76','Carlito Teves','carlito_teves@mail.com','04-SEP-1981','Avenida José Castro','44','Caruaru');
INSERT INTO pessoa VALUES ('902.345.278-38', 'Susana de Cássia','susana_cassia@mail.com','06-MAR-1972', 'Rua das Laranjeiras', '91', 'Palmares');
INSERT INTO pessoa VALUES ('183.989.570-50', 'Ágatha F Azevedo','agatha_azevedo@mail.com','03-OCT-1970', 'Rua Acapulco ', '1971', 'Palmares');
INSERT INTO pessoa VALUES ('201.811.925-78', 'Marina A Gomes','marina_gomes@mail.com','09-APR-1969', 'Rua Dom Severino Vieira de Melo', '1234', 'Caruaru');
INSERT INTO pessoa VALUES ('454.187.783-92', ' Marcos Júnior Silva','marcos_junior@mail.com','05-SEP-1975', 'Rua do Centro', '87', 'Recife');
INSERT INTO pessoa VALUES ('201.111.904-67', 'Carlos Justos','carlos_justos@mail.com','07-DEC-2002', 'Travessa da Quinta Avenida', '01', 'Carne de Vaca');
INSERT INTO pessoa VALUES ('292.957.379-11', 'Manuela P Lima','manuela_lima@mail.com','05-DEC-1957', 'Rua Ibicuí', '558', 'Caruaru');
INSERT INTO pessoa VALUES ('277.543.780-89', 'Ruana Martins','ruana_martins@mail.com','09-NOV-1977', 'Rua do Limoeiro', '23', 'João Pessoa');
INSERT INTO pessoa VALUES ('551.999.793-45', 'Otávio C Pinto','otavio_pinto@mail.com','03-FEB-1957', 'Rua Jornalista Nelson Pereira de Lima', '1411', 'Recife');
INSERT INTO pessoa VALUES('989.445.235-96','Marco Polo','marco_polo@mail.com','31-MAY-2006','Fazenda Haroldo Feitosa','112','Petrolina');
INSERT INTO pessoa VALUES ('102.300.573-45', 'Cássio Monteiro','cassio_monteiro@mail.com','29-JUN-1997', 'Rua João Pessoa', '83', 'Caruaru');
INSERT INTO pessoa VALUES ('102.312.573-00', 'Luiza Castro','luiza_castro@mail.com','02-AUG-2000', 'Rua Principal 1', '789', 'Caruaru');
INSERT INTO pessoa VALUES ('211.624.902-33', 'Enzo C Almeida','enzo_almeida@mail.com','10-MAR-1976', 'Rua das Flores', '163', 'Petrolina');
INSERT INTO pessoa VALUES('305.178.336-88','Napo Litano Bona Arte','napo_litano@mail.com','01-DEC-1977','Rua Paris','1770','São Paulo');
INSERT INTO pessoa VALUES('801.283.373-54','Erick C Sousa','erick_sousa@mail.com','08-JAN-1972','Avenida São João', '1813','São Paulo');
INSERT INTO pessoa VALUES ('789.543.725-98', 'João M. Freitas','joao_freitas@mail.com','17-NOV-1991', 'Avenida da luz', '82', 'São Paulo');
INSERT INTO pessoa VALUES ('603.856.173-05', 'Davi R Correia', 'davi_correia@mail.com','09-AUG-1962', 'Rua José Vicente Lacerda', '1961', 'São Paulo');
INSERT INTO pessoa VALUES ('012.325.641-22' , 'Matheus Correia','matheus_correia@mail.com','30-AUG-2001','Avenida Beltrão','35','Recife');
INSERT INTO pessoa VALUES ('395.888.475-08', 'Caio D Alves','caio_alves@mail.com','06-APR-1962', 'Rua Tupy-A', '1153', 'Garanhuns');
INSERT INTO pessoa VALUES ('872.341.092-09', 'Felipe de Souza','felipe_souza@mail.com','28-FEB-1982', 'Rua do Cajueiro', '37', 'Garanhuns');
INSERT INTO pessoa VALUES ('931.071.938-95', 'Vitoria F Cavalcanti','vitoria_avalcanti@mail.com','6-JUN-1975', 'Rua Marechal Cândido Rondon', '443', 'Caruaru');
INSERT INTO pessoa VALUES ('453.197.932-41','Sálvio Moura','salvio_moura@mail.com','12-MAR-1960','Quadra 4','25','Vitória de Santo Antão');
INSERT INTO pessoa VALUES ('187.217.142-74', 'Felipe S Correia','felipe_correia@mail.com','24-SEP-1960', 'Avenida Líndice', '1166', 'Vitória de Santo Antão');
INSERT INTO pessoa VALUES ('678.094.174-44', 'Caio Juarez','caio_juarez@mail.com','16-JUL-1999', 'Rua Vitoriosa', '89', 'Vitória de Santo Antão');
INSERT INTO pessoa VALUES ('586.174.486-15', 'João Maurício Santos','joao_mauricio@mail.com','07-AUG-1996', 'Avenida José Petribu', '99', 'Vitória de Santo Antão');
INSERT INTO pessoa VALUES ('345.780.230-12', 'Ricardo Alves de Almeida','ricardo_almeida@mail.com','12-SEP-1980', 'Rua marechal oliveira', '125', 'Carne de Vaca');

--POVOAMENTO DA TABELA FUNCIONARIO

INSERT INTO funcionario (funcionario_cpf, cargo) VALUES ('326.182.003-00', 'Supervisor');
INSERT INTO funcionario VALUES ('321.565.194-71', '326.182.003-00', 'Guia');
INSERT INTO funcionario VALUES ('602.897.321-75', '326.182.003-00', 'Serviços Gerais');
INSERT INTO funcionario VALUES ('177.235.819-39', '326.182.003-00', 'Serviços Gerais');
INSERT INTO funcionario VALUES ('612.547.610-39', '326.182.003-00', 'Serviços Gerais');
INSERT INTO funcionario VALUES ('112.352.284-68', '326.182.003-00', 'Guia');
INSERT INTO funcionario VALUES ('727.729.412-21', '326.182.003-00', 'Segurança');
INSERT INTO funcionario VALUES ('673.629.234-98', '326.182.003-00', 'Segurança');
INSERT INTO funcionario VALUES ('903.695.561-00', '326.182.003-00', 'Restaurador');
INSERT INTO funcionario VALUES ('181.250.432-25', '326.182.003-00', 'Restaurador');
INSERT INTO funcionario VALUES ('276.787.174-15', '326.182.003-00', 'Gerente');
INSERT INTO funcionario VALUES ('573.972.289-18', '326.182.003-00', 'Curador');

--POVOAMENTO DA TABELA ARTISTA

INSERT INTO artista VALUES ('102.312.573-45', 12000.00);
INSERT INTO artista VALUES ('564.328.478-98', 3000.00);
INSERT INTO artista (artista_cpf) VALUES ('689.207.420-42');
INSERT INTO artista VALUES ('986.124.785-45', 1842.00);
INSERT INTO artista VALUES ('198.228.735-87', 45000.00);
INSERT INTO artista (artista_cpf) VALUES  ('078.845.996-12');
INSERT INTO artista (artista_cpf) VALUES ('678.191.458-44' );
INSERT INTO artista (artista_cpf) VALUES ('635.152.669-17');
INSERT INTO artista VALUES ('456.712.223-00', 30000.00);
INSERT INTO artista VALUES ('514.378.321-98', 7624.32);

--POVOAMENTO DA TABELA OBRA DE ARTE

INSERT INTO obra_de_arte VALUES ('102.312.573-45', '25-JAN-2013','602.897.321-75','Labirinto dos Céus','Pintura', 12000.00);
INSERT INTO obra_de_arte VALUES ('102.312.573-45', '13-JAN-1989','602.897.321-75','Pensamento de Cézar','Escultura', 30000.00);
INSERT INTO obra_de_arte VALUES ('564.328.478-98', '11-MAY-2002','602.897.321-75','O Pé Grande','Pintura', 4500.00);
INSERT INTO obra_de_arte VALUES ('564.328.478-98', '15-APR-2021','602.897.321-75','Escuridão','Pintura', 5600.00);
INSERT INTO obra_de_arte VALUES ('689.207.420-42','19-MAY-2000','602.897.321-75','O choro','Escultura', 80000.00 );
INSERT INTO obra_de_arte VALUES ('689.207.420-42','08-APR-1940','602.897.321-75','A torre de ossos','Escultura', 5300.0);
INSERT INTO obra_de_arte VALUES ('986.124.785-45','20-FEB-2002','602.897.321-75','Coraline','Pintura', 200000.0);
INSERT INTO obra_de_arte VALUES ('986.124.785-45','29-JAN-1954','602.897.321-75','Morte','Pintura', 20500.0);
INSERT INTO obra_de_arte VALUES ('198.228.735-87','08-APR-1996','602.897.321-75','Caminho para o céu','Pintura', 86710.0);
INSERT INTO obra_de_arte VALUES ('198.228.735-87', '13-JUL-1994','602.897.321-75','Chápeu Amarelo','Escultura', 5000.0);
INSERT INTO obra_de_arte VALUES ('078.845.996-12', '05-NOV-1966','573.972.289-18','Torre de babel','Escultura', 18000.00);
INSERT INTO obra_de_arte VALUES ('078.845.996-12','02-NOV-2001','573.972.289-18','Estrada de espinhos','Escultura', 126000.00);
INSERT INTO obra_de_arte VALUES ('678.191.458-44','07-APR-2010','573.972.289-18','Amazônia Azul','Pintura', 56000.00);
INSERT INTO obra_de_arte VALUES ('678.191.458-44', '04-JUL-2021','573.972.289-18','Lonamisa','Pintura', 7420.00);
INSERT INTO obra_de_arte VALUES ('635.152.669-17','09-DEC-1983','573.972.289-18','Rosto sem cores','Pintura', 89000.00);
INSERT INTO obra_de_arte VALUES ('635.152.669-17','26-JAN-2014','276.787.174-15','O Banco de Dados','Escultura', 18500.00);
INSERT INTO obra_de_arte VALUES ('456.712.223-00','09-APR-2015','276.787.174-15','Sonalima','Pintura', 32000.00 );
INSERT INTO obra_de_arte VALUES ('456.712.223-00','21-JUL-1975','276.787.174-15','Pintura Lendária','Escultura', 100000.00);
INSERT INTO obra_de_arte VALUES ('514.378.321-98','31-DEC-1999','177.235.819-39','Século Novo','Pintura', 89005.00 );
INSERT INTO obra_de_arte VALUES ('514.378.321-98','09-FEB-1982','177.235.819-39','O limão','Escultura', 90005.00);


--POVOAMENTO DA TABELA RELIQUIA

CREATE SEQUENCE identificador_reliquia_cq INCREMENT BY 1 START WITH 1;

INSERT INTO reliquia VALUES ( identificador_reliquia_cq.nextval,'276.787.174-15', 'Osso de Tiranossauro', 'Fóssil', '100000');
INSERT INTO reliquia VALUES ( identificador_reliquia_cq.nextval,'276.787.174-15','O Santo Graal','Objeto Preservado','2021');
INSERT INTO reliquia VALUES ( identificador_reliquia_cq.nextval,'276.787.174-15', 'Crânio do Primeiro Humano', 'Fóssil', '80000');
INSERT INTO reliquia VALUES ( identificador_reliquia_cq.nextval,'276.787.174-15','Vértebra de Saurópode','Fóssil','120000000');
INSERT INTO reliquia VALUES ( identificador_reliquia_cq.nextval,'276.787.174-15', 'Excalibur', 'Objeto Preservado', '1500');
INSERT INTO reliquia VALUES ( identificador_reliquia_cq.nextval,'276.787.174-15','Olho de thundera','Objeto Preservado','1900');
INSERT INTO reliquia VALUES ( identificador_reliquia_cq.nextval,'276.787.174-15', 'Chápeu de Palha', 'Objeto Preservado', '100');
INSERT INTO reliquia VALUES ( identificador_reliquia_cq.nextval,'276.787.174-15', 'Cauda de réptil', 'Fóssil', '150000');
INSERT INTO reliquia VALUES ( identificador_reliquia_cq.nextval,'276.787.174-15', 'Dedo de Ryomen Sukuna', 'Fóssil', '2000');
INSERT INTO reliquia VALUES ( identificador_reliquia_cq.nextval,'276.787.174-15','Garra de argentavis','Fóssil','11630000');
INSERT INTO reliquia VALUES ( identificador_reliquia_cq.nextval,'276.787.174-15', 'Espada de Arthur', 'Objeto preservado', '1800');
INSERT INTO reliquia VALUES ( identificador_reliquia_cq.nextval,'276.787.174-15', 'Espada do Rei Destruído', 'Objeto Preservado', '5000');
INSERT INTO reliquia VALUES ( identificador_reliquia_cq.nextval,'276.787.174-15', 'Escudo Viking', 'Objeto Preservado', '500');
INSERT INTO reliquia VALUES ( identificador_reliquia_cq.nextval,'276.787.174-15','Casco do Holandês Voador','Objeto Preservado','500');
INSERT INTO reliquia VALUES ( identificador_reliquia_cq.nextval,'276.787.174-15','Portão de El Dourado','Objeto Preservado','1200');
INSERT INTO reliquia VALUES ( identificador_reliquia_cq.nextval,'276.787.174-15', 'Escudo de Centurião Romano', 'Objeto Preservado', '2000');
INSERT INTO reliquia VALUES ( identificador_reliquia_cq.nextval,'276.787.174-15','Dente de Megalodonte','Fóssil','5000000');
INSERT INTO reliquia VALUES ( identificador_reliquia_cq.nextval,'276.787.174-15', 'Água de Atlântida', 'Objeto Preservado', '5000');
INSERT INTO reliquia VALUES ( identificador_reliquia_cq.nextval,'276.787.174-15','Cabeça do Ancestral Comum','Fóssil','600000000');
INSERT INTO reliquia VALUES ( identificador_reliquia_cq.nextval,'276.787.174-15', 'Costela de Alienígena Pré-Histórico', 'Fóssil', '500000');


--POVOAMENTO DA TABELA COMPRADOR

INSERT INTO comprador VALUES ('785.214.448-76', '0025631489-6');
INSERT INTO comprador VALUES ('902.345.278-38', '2635489654-8');
INSERT INTO comprador VALUES ('183.989.570-50', '1124578965-0');
INSERT INTO comprador VALUES ('201.811.925-78', '3836701591-1');
INSERT INTO comprador VALUES ('454.187.783-92', '05406377-4');
INSERT INTO comprador VALUES ('201.111.904-67', '3880411612-2');
INSERT INTO comprador VALUES ('292.957.379-11', '1854470959-7');
INSERT INTO comprador VALUES ('586.174.486-15', '5679564550-9');
INSERT INTO comprador VALUES ('345.780.230-12', '8899523450-7');

--POVOAMENTO DA TABELA VISITANTE

INSERT INTO visitante VALUES ('123.684.742-66',85248 );
INSERT INTO visitante VALUES ('275.789.321-80', 82177);
INSERT INTO visitante VALUES ('033.858.634-99',25953);
INSERT INTO visitante VALUES ('923.084.271-60', 94803);
INSERT INTO visitante VALUES ('444.608.646-49',84166 );
INSERT INTO visitante VALUES ('116.758.622-06',26942);
INSERT INTO visitante VALUES ('987.925.913-02', 11587);
INSERT INTO visitante VALUES ('371.866.227-20', 49428);
INSERT INTO visitante VALUES('892.549.556-20', 94124);
INSERT INTO visitante VALUES ('277.543.780-89', 76521 );
INSERT INTO visitante VALUES ('551.999.793-45', 56432);
INSERT INTO visitante VALUES('989.445.235-96', 42843);
INSERT INTO visitante VALUES ('102.300.573-45', 10486);
INSERT INTO visitante VALUES ('102.312.573-00', 37598);
INSERT INTO visitante VALUES ('211.624.902-33', 48863);
INSERT INTO visitante VALUES('305.178.336-88', 21825);
INSERT INTO visitante VALUES('801.283.373-54', 91764);
INSERT INTO visitante VALUES ('789.543.725-98', 56702);
INSERT INTO visitante VALUES ('603.856.173-05', 73200);
INSERT INTO visitante VALUES ('012.325.641-22' , 54300);
INSERT INTO visitante VALUES ('395.888.475-08', 76590);
INSERT INTO visitante VALUES ('872.341.092-09', 56432);
INSERT INTO visitante VALUES ('931.071.938-95', 65722);
INSERT INTO visitante VALUES ('453.197.932-41', 65003);
INSERT INTO visitante VALUES ('187.217.142-74', 12390);
INSERT INTO visitante VALUES ('678.094.174-44', 66890);

--POVOAMENTO DA TABELA SEGURO

CREATE SEQUENCE seguro1_cq INCREMENT BY 1 START WITH 1;

INSERT INTO seguro VALUES (seguro1_cq.nextval,  600.00);
INSERT INTO seguro VALUES (seguro1_cq.nextval, 1600.00);
INSERT INTO seguro VALUES (seguro1_cq.nextval, 4000.00);
INSERT INTO seguro VALUES (seguro1_cq.nextval, 2520.00);
INSERT INTO seguro VALUES (seguro1_cq.nextval, 1780.00);
INSERT INTO seguro VALUES (seguro1_cq.nextval, 2000.00);

--POVOAMENTO DA TABELA EXPOSICAO

CREATE SEQUENCE exposicao_cq INCREMENT BY 1 START WITH 1;

INSERT INTO exposicao VALUES (exposicao_cq.nextval, 600.00, 7);
INSERT INTO exposicao VALUES (exposicao_cq.nextval, 1600.00, 7);
INSERT INTO exposicao VALUES (exposicao_cq.nextval, 4000.00, 10);
INSERT INTO exposicao VALUES (exposicao_cq.nextval, 2520.00, 5);
INSERT INTO exposicao VALUES (exposicao_cq.nextval, 1780.00, 4);
INSERT INTO exposicao (identificador_exposicao,numero_visitantes) VALUES (exposicao_cq.nextval, 12);
INSERT INTO exposicao (identificador_exposicao,numero_visitantes) VALUES (exposicao_cq.nextval, 6);

--POVOAMENTO DA TABELA CONTRATA

INSERT INTO contrata VALUES ('785.214.448-76', '102.312.573-45', '13-JAN-1989', 1); 
INSERT INTO contrata VALUES ('785.214.448-76', '986.124.785-45','20-FEB-2002', 3);
INSERT INTO contrata VALUES ('785.214.448-76','635.152.669-17','09-DEC-1983', 5);
INSERT INTO contrata VALUES ('902.345.278-38', '689.207.420-42','19-MAY-2000', 2);
INSERT INTO contrata VALUES ('902.345.278-38', '456.712.223-00','21-JUL-1975', 6);
INSERT INTO contrata VALUES ('183.989.570-50', '078.845.996-12','02-NOV-2001',4);

--POVOAMENTO DA TABELA COMPRA

INSERT INTO compra VALUES ('201.811.925-78', '102.312.573-45', '25-JAN-2013');
INSERT INTO compra VALUES ('201.811.925-78', '564.328.478-98', '15-APR-2021');
INSERT INTO compra VALUES ('454.187.783-92', '564.328.478-98', '11-MAY-2002');
INSERT INTO compra VALUES ('454.187.783-92', '514.378.321-98','31-DEC-1999');
INSERT INTO compra VALUES ('201.111.904-67', '678.191.458-44','07-APR-2010');
INSERT INTO compra VALUES ('201.111.904-67', '689.207.420-42','08-APR-1940');
INSERT INTO compra VALUES ('292.957.379-11', '078.845.996-12', '05-NOV-1966');
INSERT INTO compra VALUES ('292.957.379-11', '678.191.458-44', '04-JUL-2021');
INSERT INTO compra VALUES ('586.174.486-15','986.124.785-45','29-JAN-1954');
INSERT INTO compra VALUES ('201.811.925-78', '635.152.669-17','26-JAN-2014');
INSERT INTO compra VALUES ('345.780.230-12', '198.228.735-87','08-APR-1996');
INSERT INTO compra VALUES ('345.780.230-12', '198.228.735-87', '13-JUL-1994');
INSERT INTO compra VALUES ('345.780.230-12', '456.712.223-00','09-APR-2015');

--POVOAMENTO DA TABELA EXPOE OBRA DE ARTE

INSERT INTO expoe_obra_de_arte VALUES ('078.845.996-12','05-NOV-1966', 1, 7406);
INSERT INTO expoe_obra_de_arte VALUES ('102.312.573-45','25-JAN-2013', 1 ,3303 );
INSERT INTO expoe_obra_de_arte VALUES ('198.228.735-87','08-APR-1996', 1, 4403);
INSERT INTO expoe_obra_de_arte VALUES ('456.712.223-00','09-APR-2015', 1, 5237);
INSERT INTO expoe_obra_de_arte VALUES ('078.845.996-12','02-NOV-2001', 2, 4113);
INSERT INTO expoe_obra_de_arte VALUES ('102.312.573-45','13-JAN-1989', 2 ,7435 );
INSERT INTO expoe_obra_de_arte VALUES ('198.228.735-87', '13-JUL-1994', 2, 2641);
INSERT INTO expoe_obra_de_arte VALUES ('456.712.223-00','21-JUL-1975', 2, 3841);
INSERT INTO expoe_obra_de_arte VALUES ('689.207.420-42', '19-MAY-2000', 3, 7251);
INSERT INTO expoe_obra_de_arte VALUES ('689.207.420-42', '08-APR-1940', 3, 7002);
INSERT INTO expoe_obra_de_arte VALUES ('678.191.458-44', '07-APR-2010', 3, 8721);
INSERT INTO expoe_obra_de_arte VALUES ('678.191.458-44', '04-JUL-2021', 3, 0831);
INSERT INTO expoe_obra_de_arte VALUES ('514.378.321-98','31-DEC-1999', 4, 9645);
INSERT INTO expoe_obra_de_arte VALUES ('514.378.321-98','09-FEB-1982', 4 ,1036 );
INSERT INTO expoe_obra_de_arte VALUES ('635.152.669-17','09-DEC-1983', 4, 2336);
INSERT INTO expoe_obra_de_arte VALUES ('564.328.478-98','11-MAY-2002', 4, 9745);
INSERT INTO expoe_obra_de_arte VALUES ('635.152.669-17','26-JAN-2014', 5, 6666);
INSERT INTO expoe_obra_de_arte VALUES ('564.328.478-98','15-APR-2021', 5 ,1014 );
INSERT INTO expoe_obra_de_arte VALUES ('986.124.785-45','20-FEB-2002', 5, 5060);
INSERT INTO expoe_obra_de_arte VALUES ('986.124.785-45','29-JAN-1954', 5, 3080);

--POVOAMENTO DA TABELA EXPOE RELIQUIA

INSERT INTO expoe_Reliquia VALUES (1,6, 6780);
INSERT INTO expoe_Reliquia VALUES (3,6, 6053);
INSERT INTO expoe_Reliquia VALUES (4,6, 5493);
INSERT INTO expoe_Reliquia VALUES (8,6, 4736);
INSERT INTO expoe_Reliquia VALUES (9,6, 7394);
INSERT INTO expoe_Reliquia VALUES (10,6, 7902);
INSERT INTO expoe_Reliquia VALUES (2,7, 9080);
INSERT INTO expoe_Reliquia VALUES (5,7, 5670);
INSERT INTO expoe_Reliquia VALUES (6,7, 1042);
INSERT INTO expoe_Reliquia VALUES (7,7, 8754);
INSERT INTO expoe_Reliquia VALUES (11,7, 1407);
INSERT INTO expoe_Reliquia VALUES (12,7, 7681);
INSERT INTO expoe_Reliquia VALUES (13,3, 3456);
INSERT INTO expoe_Reliquia VALUES (17,3, 1056);
INSERT INTO expoe_Reliquia VALUES (20,3, 7654);

--POVOAMENTO DA TABELA PAGAMENTO

INSERT INTO pagamento VALUES ('Supervisor', 10000.00);
INSERT INTO pagamento VALUES ('Guia', 5000.00);
INSERT INTO pagamento VALUES ('Serviços Gerais', 3200.00);
INSERT INTO pagamento VALUES ('Segurança', 5480.00);
INSERT INTO pagamento VALUES ('Gerente', 15000.00);
INSERT INTO pagamento VALUES ('Curador', 10000.00);
INSERT INTO pagamento VALUES ('Restaurador', 12000.00);

--POVOAMENTO DA TABELA TELEFONE PESSOA
INSERT INTO telefone_pessoa VALUES ('102.312.573-45', '81' ,'96008-1172');
INSERT INTO telefone_pessoa VALUES ('102.312.573-45', '81' ,'52964-2125');
INSERT INTO telefone_pessoa VALUES ('564.328.478-98', '81' ,'92326-0044');
INSERT INTO telefone_pessoa VALUES ('564.328.478-98', '81' ,'38863-2521');
INSERT INTO telefone_pessoa VALUES ('689.207.420-42', '81' ,'98643-2507');
INSERT INTO telefone_pessoa VALUES ('689.207.420-42', '81' ,'47736-7752');
INSERT INTO telefone_pessoa VALUES ('986.124.785-45', '81' ,'92026-4649');
INSERT INTO telefone_pessoa VALUES ('986.124.785-45', '81' ,'31687-5455');
INSERT INTO telefone_pessoa VALUES ('198.228.735-87', '81' ,'94491-8870');
INSERT INTO telefone_pessoa VALUES ('198.228.735-87', '81' ,'21310-8319');
INSERT INTO telefone_pessoa VALUES ('078.845.996-12', '81' ,'91233-2260');
INSERT INTO telefone_pessoa VALUES ('678.191.458-44', '81' ,'90077-1757');
INSERT INTO telefone_pessoa VALUES ('635.152.669-17', '81' ,'92971-4910');
INSERT INTO telefone_pessoa VALUES ('456.712.223-00', '83' ,'91944-3060');
INSERT INTO telefone_pessoa VALUES ('514.378.321-98', '83' ,'94069-1112');
INSERT INTO telefone_pessoa VALUES ('123.684.742-66', '83' ,'98366-3962');
INSERT INTO telefone_pessoa VALUES ('275.789.321-80', '83' ,'98533-3886');
INSERT INTO telefone_pessoa VALUES ('033.858.634-99', '83' ,'91809-9970');
INSERT INTO telefone_pessoa VALUES ('923.084.271-60', '83' ,'91707-1375');
INSERT INTO telefone_pessoa VALUES ('444.608.646-49', '10' ,'98879-8195');
INSERT INTO telefone_pessoa VALUES ('116.758.622-06', '10' ,'92752-4902');
INSERT INTO telefone_pessoa VALUES ('987.925.913-02', '10' ,'90385-3097');
INSERT INTO telefone_pessoa VALUES ('371.866.227-20', '10' ,'93089-4561');
INSERT INTO telefone_pessoa VALUES ('892.549.556-20', '10' ,'99334-5665');
INSERT INTO telefone_pessoa VALUES ('276.787.174-15', '31' ,'95035-1661');
INSERT INTO telefone_pessoa VALUES ('573.972.289-18', '31' ,'92578-4912');
INSERT INTO telefone_pessoa VALUES ('181.250.432-25', '31' ,'92311-3473');
INSERT INTO telefone_pessoa VALUES ('903.695.561-00', '31' ,'97218-0208');
INSERT INTO telefone_pessoa VALUES ('673.629.234-98', '31' ,'94748-4018');
INSERT INTO telefone_pessoa VALUES ('727.729.412-21', '31' ,'97477-2210');
INSERT INTO telefone_pessoa VALUES ('112.352.284-68', '31' ,'98118-1242');
INSERT INTO telefone_pessoa VALUES ('612.547.610-39', '89' ,'99476-8697');
INSERT INTO telefone_pessoa VALUES ('177.235.819-39', '89' ,'90904-8990');
INSERT INTO telefone_pessoa VALUES ('602.897.321-75', '89' ,'90223-8819');
INSERT INTO telefone_pessoa VALUES ('326.182.003-00', '89' ,'90417-2235');
INSERT INTO telefone_pessoa VALUES ('321.565.194-71', '89' ,' 90820-2624');
INSERT INTO telefone_pessoa VALUES ('785.214.448-76', '89' ,'99985-0698');
INSERT INTO telefone_pessoa VALUES ('902.345.278-38', '89','99312-5564');
INSERT INTO telefone_pessoa VALUES ('183.989.570-50','89'  ,'99124-4759');
INSERT INTO telefone_pessoa VALUES ('201.811.925-78', '15' ,'99288-0900');
INSERT INTO telefone_pessoa VALUES ('454.187.783-92', '15' ,'97552-8734');
INSERT INTO telefone_pessoa VALUES ('201.111.904-67', '15' ,'93842-6247');
INSERT INTO telefone_pessoa VALUES ('292.957.379-11', '15' ,'92628-4917');
INSERT INTO telefone_pessoa VALUES ('277.543.780-89', '15' ,'91964-3067');
INSERT INTO telefone_pessoa VALUES ('551.999.793-45', '15' ,'91937-4413');
INSERT INTO telefone_pessoa VALUES ('989.445.235-96', '15' ,'97053-9496');
INSERT INTO telefone_pessoa VALUES ('102.300.573-45', '15' ,'97342-3894');
INSERT INTO telefone_pessoa VALUES ('102.312.573-00', '15' ,'94646-2069');
INSERT INTO telefone_pessoa VALUES ('211.624.902-33', '15' ,'91368-6110');
INSERT INTO telefone_pessoa VALUES ('305.178.336-88', '44' ,'95091-7297');
INSERT INTO telefone_pessoa VALUES ('801.283.373-54', '44' ,'99391-0570');
INSERT INTO telefone_pessoa VALUES ('789.543.725-98', '51' ,'94795-3466');
INSERT INTO telefone_pessoa VALUES ('603.856.173-05', '51' ,'91303-9550');
INSERT INTO telefone_pessoa VALUES ('012.325.641-22', '51' ,'99940-2584');
INSERT INTO telefone_pessoa VALUES ('395.888.475-08', '56' ,'96806-8068');
INSERT INTO telefone_pessoa VALUES ('872.341.092-09', '91' ,'90767-1147');
INSERT INTO telefone_pessoa VALUES ('931.071.938-95', '91' ,'91043-8916');
INSERT INTO telefone_pessoa VALUES ('453.197.932-41', '91' ,'94930-9785');
INSERT INTO telefone_pessoa VALUES ('187.217.142-74', '91' ,'96182-8166');
INSERT INTO telefone_pessoa VALUES ('678.094.174-44', '99' ,'90226-9157');


--POVOAMENTO DA TABELA ENDERECO PESSOA
INSERT INTO endereco_pessoa VALUES ( 'Rua Getulio Vargas', '221', 'Recife','Brasil');
INSERT INTO endereco_pessoa VALUES ( '7 rua de baixo', '598', 'Caruaru','Brasil');
INSERT INTO endereco_pessoa VALUES ( 'Rua Brigadeiro', '31', 'São Paulo','Brasil');
INSERT INTO endereco_pessoa VALUES ('Avenida Recife', '128', 'Recife','Brasil');
INSERT INTO endereco_pessoa VALUES ( 'Avenida 50', '15', 'Pedras de Fogo','Brasil');
INSERT INTO endereco_pessoa VALUES ( 'Travessa Arco-íris', '42', 'Recife','Brasil');
INSERT INTO endereco_pessoa VALUES ( 'Rua Laranjeira', '59', 'Carrapicho','Brasil');
INSERT INTO endereco_pessoa VALUES ( 'Rua caminhão derrapado', '1245', 'Petrolina','Brasil');
INSERT INTO endereco_pessoa VALUES ( '5° travessa do meio', '18', 'Recife','Brasil');
INSERT INTO endereco_pessoa VALUES ( 'Travessa do Milho', '72', 'Carne de Vaca','Brasil');
INSERT INTO endereco_pessoa VALUES ( 'Avenida Pinheiros','255','Recife','Brasil');
INSERT INTO endereco_pessoa VALUES ( 'Cruzada do Cruzeiro', '09', 'Ponta de Pedra','Brasil');
INSERT INTO endereco_pessoa VALUES ('Condomínio AlphaVille Premium Master','03','Recife','Brasil');
INSERT INTO endereco_pessoa VALUES ('Primeira rua de Caminho', '78', 'Diamantina','Brasil');
INSERT INTO endereco_pessoa VALUES ( 'Rua João Pessoa', '766', 'Jundiai','Brasil');
INSERT INTO endereco_pessoa VALUES ('Rua Petronília Dersia', '1356','Salvador','Brasil');
INSERT INTO endereco_pessoa VALUES ( 'Rua Telemaco Borba', '643', 'Camaragibe','Brasil');
INSERT INTO endereco_pessoa VALUES ('Rua Quatro', '541', 'Divinópolis','Brasil');
INSERT INTO endereco_pessoa VALUES('Rua Armando Colo', '823', 'Carne de Vaca','Brasil');
INSERT INTO endereco_pessoa VALUES ('Time Square','324','New York', 'Estados Unidos');
INSERT INTO endereco_pessoa VALUES ( 'Terceira rua do Limão', '450', 'João Pessoa','Brasil');
INSERT INTO endereco_pessoa VALUES ( 'Rua João Florêncio Fontes', '1091', 'Osasco','Brasil');
INSERT INTO endereco_pessoa VALUES ( 'Avenida Marginal', '1857', 'Jundiai','Brasil');
INSERT INTO endereco_pessoa VALUES ( 'Rua de cima', '04', 'Carne de Vaca','Brasil');
INSERT INTO endereco_pessoa VALUES ( 'Rua Servidão Vieira da Silva ', '1370', 'Manaus','Brasil');
INSERT INTO endereco_pessoa VALUES( 'Fazenda Campo Alegre', '188', 'Manaus','Brasil');
INSERT INTO endereco_pessoa VALUES ('Rua Lima', '797', 'Ribeirão das Neves','Brasil');
INSERT INTO endereco_pessoa VALUES ( 'Rua Wlademira do Amaral', '293', 'Manaus','Brasil');
INSERT INTO endereco_pessoa VALUES ('Escada de Cima', '08', 'Garanhuns','Brasil');
INSERT INTO endereco_pessoa VALUES ( 'Aeroporto São Domingos','75','Garanhuns','Brasil');
INSERT INTO endereco_pessoa VALUES ( 'Avenida Cuiabá', '17', 'Garanhuns','Brasil');
INSERT INTO endereco_pessoa VALUES ('Avenida José Castro','44','Caruaru','Brasil');
INSERT INTO endereco_pessoa VALUES ( 'Rua das Laranjeiras', '91', 'Palmares','Brasil');
INSERT INTO endereco_pessoa VALUES ( 'Rua Acapulco ', '1971', 'Palmares','Brasil');
INSERT INTO endereco_pessoa VALUES ( 'Rua Dom Severino Vieira de Melo', '1234', 'Caruaru','Brasil');
INSERT INTO endereco_pessoa VALUES ( 'Rua do Centro', '87', 'Recife','Brasil');
INSERT INTO endereco_pessoa VALUES ( 'Travessa da Quinta Avenida', '01', 'Carne de Vaca','Brasil');
INSERT INTO endereco_pessoa VALUES ( 'Rua Ibicuí', '558', 'Caruaru','Brasil');
INSERT INTO endereco_pessoa VALUES ( 'Rua do Limoeiro', '23', 'João Pessoa','Brasil');
INSERT INTO endereco_pessoa VALUES ('Rua Jornalista Nelson Pereira de Lima', '1411', 'Recife','Brasil');
INSERT INTO endereco_pessoa VALUES('Fazenda Haroldo Feitosa','112','Petrolina','Brasil');
INSERT INTO endereco_pessoa VALUES ('Rua João Pessoa', '83', 'Caruaru','Brasil');
INSERT INTO endereco_pessoa VALUES ( 'Rua Principal 1', '789', 'Caruaru','Brasil');
INSERT INTO endereco_pessoa VALUES ( 'Rua das Flores', '163', 'Petrolina','Brasil');
INSERT INTO endereco_pessoa VALUES('Rua Paris','1770','São Paulo','Brasil');
INSERT INTO endereco_pessoa VALUES('Avenida São João', '1813','São Paulo','Brasil');
INSERT INTO endereco_pessoa VALUES ( 'Avenida da luz', '82', 'São Paulo','Brasil');
INSERT INTO endereco_pessoa VALUES ( 'Rua José Vicente Lacerda', '1961', 'São Paulo','Brasil');
INSERT INTO endereco_pessoa VALUES ('Avenida Beltrão','35','Recife','Brasil');
INSERT INTO endereco_pessoa VALUES ('Rua Tupy-A', '1153', 'Garanhuns','Brasil');
INSERT INTO endereco_pessoa VALUES ( 'Rua do Cajueiro', '37', 'Garanhuns','Brasil');
INSERT INTO endereco_pessoa VALUES ( 'Rua Marechal Cândido Rondon', '443', 'Caruaru','Brasil');
INSERT INTO endereco_pessoa VALUES ('Quadra 4','25','Vitória de Santo Antão','Brasil');
INSERT INTO endereco_pessoa VALUES ( 'Avenida Líndice', '1166', 'Vitória de Santo Antão','Brasil');
INSERT INTO endereco_pessoa VALUES ( 'Rua Vitoriosa', '89', 'Vitória de Santo Antão','Brasil');

--POVOAMENTO DA TABELA BANCO DO COMPRADOR

INSERT INTO banco_do_comprador VALUES ( '0025631489-6', '0323');
INSERT INTO banco_do_comprador VALUES ( '2635489654-8', '0323');
INSERT INTO banco_do_comprador VALUES ('1124578965-0','0323');
INSERT INTO banco_do_comprador VALUES ( '3836701591-1', '0626');
INSERT INTO banco_do_comprador VALUES ( '05406377-4', '0626');
INSERT INTO banco_do_comprador VALUES ( '3880411612-2','0780');
INSERT INTO banco_do_comprador VALUES ( '1854470959-7','0780');

--POVOAMENTO DA TABELA DATA EXPOSICAO

INSERT INTO data_exposicao VALUES (1, '12-MAY-2002 8:00:00 PM');
INSERT INTO data_exposicao VALUES (2, '04-OCT-2006 5:00:00 PM');
INSERT INTO data_exposicao VALUES (3, '31-JUL-2018 7:00:00 PM');
INSERT INTO data_exposicao VALUES (4, '03-JAN-2015 8:30:00 PM');
INSERT INTO data_exposicao VALUES (5, '07-JUN-2018 4:40:00 PM');
INSERT INTO data_exposicao VALUES (6, '08-JUN-2018 7:30:00 PM');
INSERT INTO data_exposicao VALUES (7, '04-JAN-2015 8:00:00 PM');

--POVOAMENTO DA TABELA GUIA

INSERT INTO guia VALUES ('112.352.284-68','012.325.641-22', 1);
INSERT INTO guia VALUES ('112.352.284-68','033.858.634-99', 1);
INSERT INTO guia VALUES ('112.352.284-68','102.300.573-45', 1);
INSERT INTO guia VALUES ('112.352.284-68','102.312.573-00', 1);
INSERT INTO guia VALUES ('112.352.284-68','116.758.622-06', 1);
INSERT INTO guia VALUES ('112.352.284-68','123.684.742-66', 1);
INSERT INTO guia VALUES ('112.352.284-68','187.217.142-74', 1);

INSERT INTO guia VALUES ('112.352.284-68','211.624.902-33', 2);
INSERT INTO guia VALUES ('112.352.284-68','275.789.321-80', 2);
INSERT INTO guia VALUES ('112.352.284-68','277.543.780-89', 2);
INSERT INTO guia VALUES ('321.565.194-71','305.178.336-88', 2);
INSERT INTO guia VALUES ('321.565.194-71','371.866.227-20', 2);
INSERT INTO guia VALUES ('321.565.194-71','395.888.475-08', 2);
INSERT INTO guia VALUES ('321.565.194-71','444.608.646-49', 2);

INSERT INTO guia VALUES ('321.565.194-71','305.178.336-88', 3);
INSERT INTO guia VALUES ('321.565.194-71','371.866.227-20', 3);
INSERT INTO guia VALUES ('321.565.194-71','395.888.475-08', 3);
INSERT INTO guia VALUES ('321.565.194-71','444.608.646-49', 3);
INSERT INTO guia VALUES ('112.352.284-68','603.856.173-05', 3);
INSERT INTO guia VALUES ('321.565.194-71','678.094.174-44', 3);
INSERT INTO guia VALUES ('321.565.194-71','789.543.725-98', 3);
INSERT INTO guia VALUES ('321.565.194-71','801.283.373-54', 3);
INSERT INTO guia VALUES ('321.565.194-71','872.341.092-09', 3);
INSERT INTO guia VALUES ('321.565.194-71','989.445.235-96', 3);

INSERT INTO guia VALUES ('112.352.284-68','116.758.622-06', 4);
INSERT INTO guia VALUES ('112.352.284-68','123.684.742-66', 4);
INSERT INTO guia VALUES ('112.352.284-68','187.217.142-74', 4);
INSERT INTO guia VALUES ('321.565.194-71','931.071.938-95', 4);
INSERT INTO guia VALUES ('321.565.194-71','987.925.913-02', 4);

INSERT INTO guia VALUES ('112.352.284-68','603.856.173-05', 5);
INSERT INTO guia VALUES ('321.565.194-71','678.094.174-44', 5);
INSERT INTO guia VALUES ('321.565.194-71','789.543.725-98', 5);
INSERT INTO guia VALUES ('321.565.194-71','801.283.373-54', 5);

INSERT INTO guia VALUES ('112.352.284-68','453.197.932-41', 6);
INSERT INTO guia VALUES ('112.352.284-68','551.999.793-45', 6);
INSERT INTO guia VALUES ('112.352.284-68','603.856.173-05', 6);
INSERT INTO guia VALUES ('321.565.194-71','678.094.174-44', 6);
INSERT INTO guia VALUES ('321.565.194-71','789.543.725-98', 6);
INSERT INTO guia VALUES ('321.565.194-71','801.283.373-54', 6);
INSERT INTO guia VALUES ('321.565.194-71','872.341.092-09', 6);
INSERT INTO guia VALUES ('112.352.284-68','892.549.556-20', 6);
INSERT INTO guia VALUES ('112.352.284-68','923.084.271-60', 6);
INSERT INTO guia VALUES ('321.565.194-71','931.071.938-95', 6);
INSERT INTO guia VALUES ('321.565.194-71','987.925.913-02', 6);
INSERT INTO guia VALUES ('321.565.194-71','989.445.235-96', 6);

INSERT INTO guia VALUES ('112.352.284-68','116.758.622-06', 7);
INSERT INTO guia VALUES ('112.352.284-68','123.684.742-66', 7);
INSERT INTO guia VALUES ('112.352.284-68','187.217.142-74', 7);
INSERT INTO guia VALUES ('112.352.284-68','892.549.556-20', 7);
INSERT INTO guia VALUES ('112.352.284-68','923.084.271-60', 7);
INSERT INTO guia VALUES ('321.565.194-71','931.071.938-95', 7);


